<?xml version="1.0" encoding="UTF-8"?>
<project name="module_model" default="compile.module.model">
  <dirname property="module.model.basedir" file="${ant.file.module_model}"/>
  
  <property name="module.jdk.home.model" value="${jdk.home.1.8}"/>
  <property name="module.jdk.bin.model" value="${jdk.bin.1.8}"/>
  <property name="module.jdk.classpath.model" value="jdk.classpath.1.8"/>
  
  <property name="compiler.args.model" value="-encoding UTF-8 -source 1.6 -target 1.6 ${compiler.args}"/>
  
  <property name="model.output.dir" value="${module.model.basedir}/../out/production/Model"/>
  <property name="model.testoutput.dir" value="${module.model.basedir}/../out/test/Model"/>
  
  <path id="model.module.bootclasspath">
    <!-- Paths to be included in compilation bootclasspath -->
  </path>
  
  <path id="model.module.production.classpath">
    <path refid="${module.jdk.classpath.model}"/>
  </path>
  
  <path id="model.runtime.production.module.classpath">
    <pathelement location="${model.output.dir}"/>
  </path>
  
  <path id="model.module.classpath">
    <path refid="${module.jdk.classpath.model}"/>
    <pathelement location="${model.output.dir}"/>
  </path>
  
  <path id="model.runtime.module.classpath">
    <pathelement location="${model.testoutput.dir}"/>
    <pathelement location="${model.output.dir}"/>
  </path>
  
  
  <patternset id="excluded.from.module.model">
    <patternset refid="ignored.files"/>
  </patternset>
  
  <patternset id="excluded.from.compilation.model">
    <patternset refid="excluded.from.module.model"/>
  </patternset>
  
  <path id="model.module.sourcepath">
    <dirset dir="${module.model.basedir}">
      <include name="src"/>
    </dirset>
  </path>
  
  
  <target name="compile.module.model" depends="compile.module.model.production,compile.module.model.tests" description="Compile module Model"/>
  
  <target name="compile.module.model.production" depends="register.custom.compilers" description="Compile module Model; production classes">
    <mkdir dir="${model.output.dir}"/>
    <javac2 destdir="${model.output.dir}" debug="${compiler.debug}" nowarn="${compiler.generate.no.warnings}" memorymaximumsize="${compiler.max.memory}" fork="true" executable="${module.jdk.bin.model}/javac">
      <compilerarg line="${compiler.args.model}"/>
      <bootclasspath refid="model.module.bootclasspath"/>
      <classpath refid="model.module.production.classpath"/>
      <src refid="model.module.sourcepath"/>
      <patternset refid="excluded.from.compilation.model"/>
    </javac2>
    
    <copy todir="${model.output.dir}">
      <fileset dir="${module.model.basedir}/src">
        <patternset refid="compiler.resources"/>
        <type type="file"/>
      </fileset>
    </copy>
  </target>
  
  <target name="compile.module.model.tests" depends="register.custom.compilers,compile.module.model.production" description="compile module Model; test classes" unless="skip.tests"/>
  
  <target name="clean.module.model" description="cleanup module">
    <delete dir="${model.output.dir}"/>
    <delete dir="${model.testoutput.dir}"/>
  </target>
</project>